,x1: PGI  (G6P ↔ F6P),x2: TPI  (DHAP ↔ GAP),"x3: GAPDH (GAP+Pi+NAD ↔ 1,3-BPG+NADH)","x4: PGK  (1,3-BPG+ADP ↔ 3-PG+ATP)",x5: PGM  (3-PG ↔ 2-PG),x6: ENO  (2-PG ↔ PEP),x7: ADH  (AcAld+NADH ↔ EtOH+NAD),x8: GPD  (DHAP+NADH ↔ G3P+NAD)
x1: PGI  (G6P ↔ F6P),0.8500000000000001,-0.8,0.0,0.0,0.0,0.0,0.0,0.0
x2: TPI  (DHAP ↔ GAP),-0.8,1.45,-0.39999999999999997,0.0,0.0,0.0,0.0,0.0
"x3: GAPDH (GAP+Pi+NAD ↔ 1,3-BPG+NADH)",0.0,-0.8,1.875,-0.07499999999999998,0.0,0.0,-0.27499999999999997,-0.27499999999999997
"x4: PGK  (1,3-BPG+ADP ↔ 3-PG+ATP)",0.0,0.0,-1.0750000000000002,1.075,-0.4,0.0,0.025,0.025
x5: PGM  (3-PG ↔ 2-PG),0.0,0.0,0.0,-0.4,0.8500000000000001,-0.4,0.0,0.0
x6: ENO  (2-PG ↔ PEP),0.0,0.0,0.0,0.0,-0.4,0.45,0.1,0.0
x7: ADH  (AcAld+NADH ↔ EtOH+NAD),0.0,0.0,-0.27499999999999997,0.025,0.0,-0.1,0.5750000000000001,0.225
x8: GPD  (DHAP+NADH ↔ G3P+NAD),0.0,0.0,-0.27499999999999997,0.025,0.0,0.0,-0.5750000000000001,0.5750000000000001
