Model,Constrained,n_params,RMSE,R²,AIC,BIC,Converged
Linear_unconstrained,False,5,36.564218899976815,0.3642145390761612,3020.805201844376,3039.324114217657,True
Wiener_unconstrained,False,5,36.56539281397735,0.3641737139494404,3020.8244648592854,3039.3433772325666,True
Linear_constrained,True,2,47.501437849662416,-0.07302910803311402,3171.8191085838007,3179.226673533113,True
Wiener_constrained,True,2,51.340844764443275,-0.25349905913971105,3218.455097695339,3225.8626626446517,True
