{
  "unconstrained": {
    "alpha": 25.32600852805936,
    "theta0": -0.07617888006641217,
    "thetaA": -0.14778716471339431,
    "thetaB": -0.28959159858227707,
    "thetaC": 0.18784183358170836,
    "rmse": 44.86424481169136,
    "r2": 0.04280876022311597
  },
  "stoichiometry_constrained": {
    "alpha": 26.244437703747902,
    "w0": -2.587429946739344,
    "Keq_hat": 13.295557365262642,
    "rmse": 45.688177885244144,
    "r2": 0.007328238100493656
  },
  "data_files": {
    "forward_csv": "output/synthetic_forward_20250912_141841.csv",
    "reverse_csv": "output/synthetic_reverse_20250912_141841.csv",
    "cm_params_json": null
  },
  "notes": "LLRQ-Wiener fit with v = alpha * (1 - exp(x)); x is log-linear in concentrations. Stoichiometric model enforces x = ln(Q/Keq)."
}
