{
  "seed": 20250912,
  "u": 0.11995518878446101,
  "kM_A": 0.1965306993705296,
  "kM_B": 1.265207750316229,
  "kM_C": 0.002146066223675083,
  "keq": 0.06105997556534518,
  "kV": 27.92650130730963,
  "k_plus": 1603.4220257913526,
  "k_minus": 0.4863906462069835,
  "mechanism": "A + B <-> 2 C (CM rate law, Eq. 3)"
}
